-- USERS
INSERT INTO users (user_id, first_name, last_name, email, password_hash, phone_number, role)
VALUES
('11111111-1111-1111-1111-111111111111', 'Alice', 'Smith', 'alice@example.com', 'hash1', '1234567890', 'guest'),
('22222222-2222-2222-2222-222222222222', 'Bob', 'Johnson', 'bob@example.com', 'hash2', '0987654321', 'host'),
('33333333-3333-3333-3333-333333333333', 'Charlie', 'Brown', 'charlie@example.com', 'hash3', NULL, 'admin');

-- PROPERTIES
INSERT INTO properties (property_id, host_id, name, description, location, pricepernight)
VALUES
('aaaa1111-aaaa-aaaa-aaaa-aaaaaaaaaaaa', '22222222-2222-2222-2222-222222222222', 'Cozy Cabin', 'A peaceful cabin in the woods', 'Colorado', 120.00),
('bbbb2222-bbbb-bbbb-bbbb-bbbbbbbbbbbb', '22222222-2222-2222-2222-222222222222', 'Modern Apartment', 'City view apartment with all amenities', 'New York', 220.50);

-- BOOKINGS
INSERT INTO bookings (booking_id, property_id, user_id, start_date, end_date, total_price, status)
VALUES
('b111-1111-b111-b111-b111b111b111', 'aaaa1111-aaaa-aaaa-aaaa-aaaaaaaaaaaa', '11111111-1111-1111-1111-111111111111', '2025-07-01', '2025-07-05', 480.00, 'confirmed'),
('b222-2222-b222-b222-b222b222b222', 'bbbb2222-bbbb-bbbb-bbbb-bbbbbbbbbbbb', '11111111-1111-1111-1111-111111111111', '2025-08-10', '2025-08-15', 1102.50, 'pending');

-- PAYMENTS
INSERT INTO payments (payment_id, booking_id, amount, payment_method)
VALUES
('p111-p111-p111-p111-p111p111p111', 'b111-1111-b111-b111-b111b111b111', 480.00, 'credit_card'),
('p222-p222-p222-p222-p222p222p222', 'b222-2222-b222-b222-b222b222b222', 1102.50, 'paypal');

-- REVIEWS
INSERT INTO reviews (review_id, property_id, user_id, rating, comment)
VALUES
('r111-r111-r111-r111-r111r111r111', 'aaaa1111-aaaa-aaaa-aaaa-aaaaaaaaaaaa', '11111111-1111-1111-1111-111111111111', 5, 'Absolutely loved it! Peaceful and clean.'),
('r222-r222-r222-r222-r222r222r222', 'bbbb2222-bbbb-bbbb-bbbb-bbbbbbbbbbbb', '11111111-1111-1111-1111-111111111111', 4, 'Great location, slightly noisy at night.');

-- MESSAGES
INSERT INTO messages (message_id, sender_id, recipient_id, message_body)
VALUES
('m111-m111-m111-m111-m111m111m111', '11111111-1111-1111-1111-111111111111', '22222222-2222-2222-2222-222222222222', 'Hi! I have a question about the cabin availability.'),
('m222-m222-m222-m222-m222m222m222', '22222222-2222-2222-2222-222222222222', '11111111-1111-1111-1111-111111111111', 'Sure! It’s available for your dates.');
